gta_id,event_id,triage_status,stored_event_date,recomputed_event_date,drift_days,date_announced,date_implemented,last_updated,latest_action_date,revision_after_announcement,title
117737,19678,pending_triage,2025-06-30,2023-03-29,824,2023-03-29,2023-03-29,2023-03-29,2025-06-30,True,Argentina: AFIP temporarily suspends internal taxes exclusion certificates for large importing companies (extended until
119773,19686,display_only,2023-12-31,2023-05-11,234,2023-05-11,2023-05-11,2023-05-11,2023-12-31,True,Spain: Introduction of EUR 837 million state aid scheme to fund electric vehicles battery
120290,19701,pending_triage,2023-06-07,2023-03-08,91,2023-06-07,2023-03-08,2023-06-07,2023-06-07,False,Australia: Customs tariff amendments in a Tariff Concession Order published on 7 June 2023
121736,19747,display_only,2026-05-28,2023-08-10,1022,2023-08-10,2023-08-10,2023-08-10,2026-05-28,True,Germany: EUR 6.5 billion scheme to compensate energy-intensive companies at risk of carbon leakage from higher fuel pric
121892,19748,pending_triage,2025-07-31,2023-08-16,715,2023-08-15,2023-08-16,2023-08-15,2025-07-31,True,Mexico: Temporary import duty increase of 392 products (August 2023)
122976,19775,display_only,2025-10-15,2023-09-06,770,2023-09-06,2023-09-06,2025-10-16,2025-10-15,True,United States of America: American Battery Technology Company secures USD 57 million from DOE for construction of a comm
129787,19815,display_only,2026-01-12,2023-10-25,810,2023-10-25,2023-10-25,2023-10-25,2026-01-12,True,Australia: The Australian government announces an AUD 2 billion allocation supporting the critical raw materials sector
130305,19830,display_only,2024-07-01,2023-02-03,514,2023-02-03,2023-02-03,2023-02-03,2024-07-01,True,"Germany: ""Clusters Go Industry“ financial grant scheme to support R&D projects within battery competence clusters"
131014,19839,display_only,2026-05-05,2023-11-20,897,2023-11-20,2023-11-20,2026-07-06,2026-05-05,True,Spain: Budget increase of compensation scheme for the indirect costs of CO2 emissions of energy-intensive companies unti
133519,19893,display_only,2023-04-20,2023-01-01,109,2023-04-20,2023-01-01,2023-04-20,2023-04-20,False,China: Additional 'super-input VAT credit' for integrated circuit enterprises
133520,19894,display_only,2023-09-15,2023-01-01,257,2023-09-15,2023-01-01,2023-09-15,2023-09-15,False,China: Additional 'super-input VAT credit' for industrial machinery enterprises
134390,19909,display_only,2026-03-31,2024-03-08,753,2024-03-08,2024-03-08,2024-03-08,2026-03-31,True,India: Scheme for remission of duties and taxes amended
134407,19910,display_only,2025-03-20,2024-04-01,353,2024-03-08,2024-04-01,2024-03-08,2025-03-20,True,India: Scheme for remission of duties and taxes amended
134431,19913,display_only,2025-09-30,2024-10-28,337,2024-10-28,2024-10-28,2025-10-07,2025-09-30,True,United States of America: Department of Energy announces a USD 2.3 billion loan to Lithium Nevada Corp for the construct
134742,19928,display_only,2026-01-15,2024-04-07,648,2024-04-07,2024-04-07,2024-04-07,2026-01-15,True,China: Central Bank announces CNY 500 billion relending facilty to support small and medium-sized tech companies
136571,20021,pending_triage,2025-12-29,2024-04-23,615,2024-04-22,2024-04-23,2024-04-22,2025-12-29,True,Mexico: Import duty increase on 544 products and decrease on glass mirrors (April 2024)
137317,20070,pending_triage,2024-06-30,2024-03-01,121,2024-02-26,2024-03-01,2024-02-26,2024-06-30,True,Russia: Government announces export duties under the flexible export tax system (March 2024)
138020,20081,display_only,2024-12-31,2024-06-21,193,2024-06-21,2024-06-21,2024-06-21,2024-12-31,True,China: Interest payment subsidy scheme to support large-scale renewal of equipment
138294,20091,pending_triage,2026-01-01,2024-07-05,545,2024-07-04,2024-07-05,2024-07-04,2026-01-01,True,Thailand: Government lowered the minimum price of imported products for VAT exemptions.
138297,20093,pending_triage,2026-04-23,2024-07-01,661,2024-06-30,2024-07-01,2024-06-30,2026-04-23,True,EU: New sanctions against Belarus mirroring the sanctions against Russia to address circumvention issues
138304,20094,display_only,2026-03-27,2024-04-01,725,2024-04-01,2024-04-01,2024-04-01,2026-03-27,True,United Kingdom: Government launches the British Industry Supercharger scheme to support energy intensive industries
139099,20120,pending_triage,2026-01-07,2024-08-21,504,2024-08-06,2024-08-21,2024-08-06,2026-01-07,True,Turkiye: Government increases taxes on low-value international shipments
139100,20121,pending_triage,2026-01-07,2024-08-21,504,2024-08-06,2024-08-21,2024-08-06,2026-01-07,True,Turkiye: Government increases taxes on low-value international shipments
140408,20204,pending_triage,2024-12-31,2023-10-01,457,2023-09-27,2023-10-01,2026-07-03,2024-12-31,True,Russia: Government announces export duties under the new flexible export tax system for October 2023
140604,20216,pending_triage,2024-12-31,2024-11-01,60,2024-10-25,2024-11-01,2024-10-25,2024-12-31,True,Russia: Government announces export duties under the flexible export tax system (November 2024)
141117,20231,pending_triage,2025-11-09,2024-12-03,341,2024-12-03,2024-12-03,2024-12-03,2025-11-09,True,China: Government adopts further export controls on dual-use items to the US
141378,20249,pending_triage,2025-11-18,2024-12-19,334,2024-12-19,,2025-11-20,2025-11-18,True,EU: Initiation of safeguard investigation on imports of manganese and silicon-based alloying elements
141379,20250,pending_triage,2026-01-16,2025-07-19,181,2024-11-21,2025-07-19,2026-01-16,2026-01-16,True,EU: Definitive antidumping duty on imports of fused alumina from China
141530,20257,pending_triage,2025-12-30,2025-01-01,363,2024-12-31,2025-01-01,2026-01-02,2025-12-30,True,China: 2025 export licensing goods catalogue announced
141538,20258,pending_triage,2025-12-31,2024-12-30,366,2024-12-30,2024-12-30,2024-12-30,2025-12-31,True,India: Import of di-sodium carbonate under minimum import price temporarily restricted
142785,20289,display_only,2026-01-19,2024-12-27,388,2024-12-27,2024-12-27,2024-12-27,2026-01-19,True,China: Extension of interest payment subsidy scheme to support large-scale renewal of equipment
142902,20303,pending_triage,2026-02-22,2025-03-04,355,2025-02-01,2025-03-04,2025-07-11,2026-02-22,True,United States of America: U.S. Administration announces additional duties against Canada
142990,20309,pending_triage,2026-02-22,2025-03-04,355,2025-02-01,2025-03-04,2025-07-14,2026-02-22,True,United States of America: U.S. Administration announces additional duties against Mexico
143177,20319,display_only,2026-03-18,2025-02-13,398,2025-02-13,2025-02-13,2026-03-20,2026-03-18,True,Republic of Korea: Allocation of KRW 10 trillion to Supply Chain Stabilisation Fund
143178,20320,display_only,2026-03-18,2025-02-13,398,2025-02-13,2025-02-13,2026-03-20,2026-03-18,True,Republic of Korea: Allocation of KRW 10 trillion to Supply Chain Stabilisation Fund
143347,20328,pending_triage,2025-09-21,2025-02-22,211,2025-02-22,2025-02-22,2025-02-22,2025-09-21,True,Democratic Republic of Congo: Cobalt exports suspended for four months
143558,20341,pending_triage,2025-11-05,2025-03-04,246,2025-03-04,2025-03-04,2025-11-05,2025-11-05,True,China: Government adds 15 US companies to Export Control List
143564,20342,pending_triage,2025-11-10,2025-03-04,251,2025-03-03,2025-03-04,2025-11-06,2025-11-10,True,United States of America: U.S. Administration increases additional duties on imports from China
144227,20369,pending_triage,2026-02-22,2025-04-05,323,2025-04-02,2025-04-05,2025-09-08,2026-02-22,True,"United States of America: Administration announces 10 percent additional ""reciprocal tariff"" on all imports (2 April 202"
144234,20370,pending_triage,2025-07-10,2025-04-05,96,2025-04-02,2025-04-05,2025-09-18,2025-07-10,True,"United States of America: Administration announces 10 percent additional ""reciprocal tariff"" on all imports (2 April 202"
144300,20429,pending_triage,2026-02-21,2024-02-21,731,2024-02-21,2024-02-21,2024-02-21,2026-02-21,True,Egypt: Government increases the export duty on sand
144952,20474,display_only,2026-01-15,2025-05-07,253,2025-05-07,2025-05-07,2025-05-07,2026-01-15,True,China: Central Bank announces CNY 300 billion increase in relending quota for technical transformation and equipment ren
146407,20520,pending_triage,2026-02-22,2025-04-05,323,2025-04-02,2025-04-05,2025-06-30,2026-02-22,True,"United States of America: Administration announces 10 percent additional ""reciprocal tariff"" on all imports (2 April 202"
147999,20628,pending_triage,2026-02-22,2025-08-06,200,2025-07-30,2025-08-06,2025-11-21,2026-02-22,True,United States of America: U.S. Administration announces 40% additional tariffs on most Brazilian imports
148001,20629,pending_triage,2026-06-24,2025-08-29,299,2025-07-30,2025-08-29,2026-06-25,2026-06-24,True,United States of America: U.S. Administration suspends duty-free de minimis treatment for all countries
148021,20631,pending_triage,2026-02-22,2025-08-07,199,2025-07-31,2025-08-07,2025-09-07,2026-02-22,True,United States of America: U.S. Administration modifies the reciprocal tariff rates (31 July 2025)
148022,20632,pending_triage,2026-02-22,2025-08-07,199,2025-07-31,2025-08-07,2025-09-07,2026-02-22,True,United States of America: U.S. Administration modifies the reciprocal tariff rates (31 July 2025)
148023,20633,pending_triage,2026-02-22,2025-08-07,199,2025-07-31,2025-08-07,2025-09-07,2026-02-22,True,United States of America: U.S. Administration modifies the reciprocal tariff rates (31 July 2025)
148024,20634,pending_triage,2026-02-22,2025-08-07,199,2025-07-31,2025-08-07,2025-09-07,2026-02-22,True,United States of America: U.S. Administration modifies the reciprocal tariff rates (31 July 2025)
148025,20635,pending_triage,2026-02-22,2025-08-07,199,2025-07-31,2025-08-07,2025-09-07,2026-02-22,True,United States of America: U.S. Administration modifies the reciprocal tariff rates (31 July 2025)
148026,20636,pending_triage,2026-02-22,2025-08-07,199,2025-07-31,2025-08-07,2025-09-07,2026-02-22,True,United States of America: U.S. Administration modifies the reciprocal tariff rates (31 July 2025)
148027,20637,pending_triage,2026-02-22,2025-08-07,199,2025-07-31,2025-08-07,2025-09-07,2026-02-22,True,United States of America: U.S. Administration modifies the reciprocal tariff rates (31 July 2025)
148029,20639,pending_triage,2026-02-22,2025-08-07,199,2025-07-31,2025-08-07,2025-09-07,2026-02-22,True,United States of America: U.S. Administration modifies the reciprocal tariff rates (31 July 2025)
148030,20640,pending_triage,2026-02-22,2025-08-07,199,2025-07-31,2025-08-07,2025-09-07,2026-02-22,True,United States of America: U.S. Administration modifies the reciprocal tariff rates (31 July 2025)
148031,20641,pending_triage,2026-02-22,2025-08-07,199,2025-07-31,2025-08-07,2025-09-07,2026-02-22,True,United States of America: U.S. Administration modifies the reciprocal tariff rates (31 July 2025)
148038,20644,pending_triage,2026-02-22,2025-08-01,205,2025-07-31,2025-08-01,2025-07-31,2026-02-22,True,United States of America: U.S. Administration announces additional duties against Canada (July 2025)
148071,20650,pending_triage,2025-08-01,2025-04-05,118,2025-04-02,2025-04-05,2025-08-04,2025-08-01,True,"United States of America: Administration announces 10 percent additional ""reciprocal tariff"" on all imports (2 April 202"
148144,20654,pending_triage,2026-02-20,2025-08-27,177,2025-08-06,2025-08-27,2026-02-09,2026-02-20,True,United States of America: U.S. Administration imposes additional 25% tariff on Indian imports over Russian oil trade
148609,20662,pending_triage,2026-02-22,2025-04-05,323,2025-04-02,2025-04-05,2025-08-19,2026-02-22,True,"United States of America: Administration announces 10 percent additional ""reciprocal tariff"" on all imports (2 April 202"
148807,20672,pending_triage,2025-10-14,2025-08-25,50,2025-08-23,2025-08-25,2025-08-26,2025-10-14,True,India: Department of Posts temporarily suspends booking of certain postal articles for USA
148999,20676,pending_triage,2026-02-22,2025-09-08,167,2025-09-05,2025-09-08,2025-09-06,2026-02-22,True,United States of America: U.S. Administration modifies the scope of reciprocal tariffs (5 September 2025)
149000,20677,pending_triage,2026-02-22,2025-09-08,167,2025-09-05,2025-09-08,2025-09-06,2026-02-22,True,United States of America: U.S. Administration modifies the scope of reciprocal tariffs (5 September 2025)
149001,20678,pending_triage,2026-02-22,2025-09-08,167,2025-09-05,2025-09-08,2025-09-06,2026-02-22,True,United States of America: U.S. Administration modifies the scope of reciprocal tariffs (5 September 2025)
149002,20679,pending_triage,2026-02-22,2025-09-08,167,2025-09-05,2025-09-08,2025-09-06,2026-02-22,True,United States of America: U.S. Administration modifies the scope of reciprocal tariffs (5 September 2025)
149003,20680,pending_triage,2026-02-22,2025-09-08,167,2025-09-05,2025-09-08,2025-09-06,2026-02-22,True,United States of America: U.S. Administration modifies the scope of reciprocal tariffs (5 September 2025)
149004,20681,pending_triage,2026-02-22,2025-09-08,167,2025-09-05,2025-09-08,2025-09-06,2026-02-22,True,United States of America: U.S. Administration modifies the scope of reciprocal tariffs (5 September 2025)
149005,20682,pending_triage,2026-02-22,2025-09-08,167,2025-09-05,2025-09-08,2025-09-06,2026-02-22,True,United States of America: U.S. Administration modifies the scope of reciprocal tariffs (5 September 2025)
149006,20683,pending_triage,2026-02-22,2025-09-08,167,2025-09-05,2025-09-08,2025-09-06,2026-02-22,True,United States of America: U.S. Administration modifies the scope of reciprocal tariffs (5 September 2025)
149007,20684,pending_triage,2026-02-22,2025-09-08,167,2025-09-05,2025-09-08,2025-09-06,2026-02-22,True,United States of America: U.S. Administration modifies the scope of reciprocal tariffs (5 September 2025)
149008,20685,pending_triage,2026-02-22,2025-09-08,167,2025-09-05,2025-09-08,2025-09-06,2026-02-22,True,United States of America: U.S. Administration modifies the scope of reciprocal tariffs (5 September 2025)
149009,20686,pending_triage,2026-02-22,2025-09-08,167,2025-09-05,2025-09-08,2025-09-06,2026-02-22,True,United States of America: U.S. Administration modifies the scope of reciprocal tariffs (5 September 2025)
149021,20687,pending_triage,2026-02-22,2025-08-07,199,2025-07-31,2025-08-07,2025-09-08,2026-02-22,True,United States of America: U.S. Administration modifies the reciprocal tariff rates (31 July 2025)
149107,20689,display_only,2025-08-28,2025-07-17,42,2025-08-28,2025-07-17,2025-08-28,2025-08-28,False,"Argentina: RIGI benefits approved for ""Proyecto Hombre Muerto Oeste (HMW)"" project from Galán Litio SA"
149296,20695,pending_triage,2026-02-22,2025-04-05,323,2025-04-02,2025-04-05,2025-09-18,2026-02-22,True,"United States of America: Administration announces 10 percent additional ""reciprocal tariff"" on all imports (2 April 202"
149568,20707,pending_triage,2025-11-11,2025-09-29,43,2025-09-29,2025-09-29,2025-11-11,2025-11-11,True,United States of America: Department of Commerce expands Entity List to include affiliates of listed entities
149620,20712,pending_triage,2025-12-23,2024-12-30,358,2024-12-30,2027-06-23,2025-12-24,2025-12-23,True,"United States of America: USTR concludes Section 301 investigation into China's acts, policies, and practices related to"
149787,20723,pending_triage,2025-11-09,2025-10-09,31,2025-10-09,2026-11-10,2025-11-07,2025-11-09,True,China: Government announces export control measures for lithium-battery and artificial graphite negative-electrode mater
149795,20724,pending_triage,2025-11-09,2025-10-09,31,2025-10-09,2026-11-10,2025-11-07,2025-11-09,True,China: Government announces export controls on certain medium and heavy rare earth-related items
149893,20727,display_only,2026-02-18,2025-10-01,140,2025-09-26,2025-10-01,2025-10-15,2026-02-18,True,Japan: Government establishes Japan Strategic Investment Facility under agreement with the US (September 2025)
151341,20788,pending_triage,2026-02-13,2025-12-16,59,2025-12-15,2025-12-16,2025-12-16,2026-02-13,True,India: Import prices applicable on the imports of certain goods amended (15 December 2025)
151917,20819,pending_triage,2026-01-05,2025-06-16,203,2025-06-16,2025-06-16,2025-06-16,2026-01-05,True,Egypt: Government bans the export of raw white sand
152005,20828,display_only,2026-01-15,2025-11-27,49,2026-01-15,2025-11-27,2026-01-16,2026-01-15,False,"Argentina: RIGI benefits approved for ""Carbonatos Profundos (DCP)"" project from Minas Argentinas SA Sucursal Dedicada RI"
152165,20841,display_only,2026-01-09,2025-01-09,365,2026-01-09,2025-01-09,2026-02-02,2026-01-09,False,Canada: Government announces a CAD 244.2 million Defence Industry Assist programme to support innovation in the defence 
152999,20884,pending_triage,2026-05-12,2026-02-24,77,2026-02-20,2026-02-24,2026-05-14,2026-05-12,True,United States of America: U.S. Administration imposes temporary 10% import surcharge under Section 122 to address balanc
153011,20885,pending_triage,2026-05-12,2026-02-24,77,2026-02-20,2026-02-24,2026-05-14,2026-05-12,True,United States of America: U.S. Administration imposes temporary 10% import surcharge under Section 122 to address balanc
153533,20927,pending_triage,2026-04-30,2026-03-14,47,2026-03-13,2026-03-14,2026-03-17,2026-04-30,True,India: Import prices applicable on the imports of certain goods amended (13 March 2026)
153737,20936,display_only,2026-06-29,2026-03-19,102,2026-03-19,2026-03-19,2026-03-20,2026-06-29,True,India: Government launches RELIEF scheme to support exporters amid West Asia logistics disruptions
154014,20945,display_only,2026-07-08,2026-03-25,105,2026-03-25,2026-03-25,2026-04-29,2026-07-08,True,Brazil: Government allocates BRL 15 billion from the Sovereign Brazil Plan to support companies affected by the Middle E
154248,20957,display_only,2026-04-01,2026-01-28,63,2026-04-01,2026-01-28,2026-04-16,2026-04-01,False,"Argentina: RIGI benefits approved for ""Ampliación Fases 8 y 9 del Sistema de Lixiviación en Valle de Mina Veladero"" proj"
154548,20966,pending_triage,2026-04-16,2025-09-26,202,2025-05-21,2025-09-26,2026-04-16,2026-04-16,True,"United States of America: Definitive anti-subsidy duty on imports of silicon metal from Laos, as well as provisional dut"
154623,20969,display_only,2026-06-29,2026-04-17,73,2026-04-17,2026-04-17,2026-04-20,2026-06-29,True,India: Coverage under the RELIEF programme extended for exports to Egypt and Jordan
155195,20999,display_only,2026-05-11,2026-02-26,74,2026-05-11,2026-02-26,2026-05-19,2026-05-11,False,"Argentina: RIGI benefits approved for ""Diablillos"" project from Pacific Rim Mining Corporation Argentina SA"
156141,21034,display_only,2026-04-17,2025-07-28,263,2025-07-28,2025-07-28,2026-07-10,2026-04-17,True,China (Guangxi): Launch of CNY 2 billion Science and Technology Achievement Transformation Fund
156329,21044,display_only,2026-06-04,2026-01-28,127,2026-01-28,2026-01-28,2026-06-15,2026-06-04,True,China (Shaanxi Province): Launch of CNY 2 billion Science and Technology Innovation Investment Fund
